Titoloo;Disponibilita;indirizzo;Numero_candidature;Lista_candidati;Tipologia;Posizione_Lavorativa;Nome_Azienda;Orario_lavoro;Tipo_contratto;Retribuzione;Nome_sede;Info_Utili;proprietario_email
Titolooooo;True;9;28;[];True;Cameriere/a;IdroPower;08:00-19:00;FULL_TIME;5382.97;Divisione Tecnica Bologna;Richiesta capacità di lavorare sotto pressione, buona conoscenza della cucina italiana e capacità di interagire con i clienti in modo professionale. Preferibile esperienza pregressa nel settore della ristorazione.;volontario3@example.com
Cuoco/a cercasi per cucina tradizionale - Formazione inclusa;True;10;13;[];True;Cuoco/a;GreenGarden;07:00-18:00;COOPERATIVA;4787.01;Laboratorio Firenze;Gradita passione per la cucina tradizionale, propensione all'apprendimento e capacità di lavorare in team. Formazione inclusa per i meno esperti.;volontario2@example.com
Lavapiatti con possibilità di crescita - Turni flessibili;True;11;96;[];True;Lavapiatti;Carpenteria Italiana;09:00-17:00;ALTRO;4046.47;Laboratorio Firenze;Non è richiesta esperienza pregressa. È fondamentale l’affidabilità, la puntualità e la disponibilità a lavorare su turni, anche serali.;volontario1@example.com
Aiuto cuoco per trattoria locale - Esperienza non necessaria;True;12;63;[];True;Aiuto cuoco;IdroPower;07:00-19:00;COLLABORAZIONE;4923.52;Divisione Tecnica Bologna;Ruolo ideale per chi vuole avviare una carriera in cucina. Richiesta flessibilità oraria, attitudine all'apprendimento e capacità di lavorare sotto supervisione.;volontario3@example.com
Barista in caffetteria accogliente - Full time o part time;True;13;69;[];True;Barista;IdroPower;10:00-19:00;APPRENDISTATO;2215.01;Laboratorio Firenze;Ottime doti relazionali e capacità di preparare caffè e bevande calde. Preferibile esperienza minima, ma non indispensabile.;volontario2@example.com
Pizzaiolo/a per pizzeria artigianale - Contratto stabile;True;14;28;[];True;Pizzaiolo/a;Verniciature Rossi;10:00-18:00;ALTRO;2030.22;Officina Torino;Necessaria esperienza nella preparazione della pizza artigianale e nell’uso del forno a legna. Offerto contratto a tempo indeterminato.;volontario1@example.com
Addetto/a alla sala - Opportunità di lavoro in team;True;15;5;[];True;Addetto/a alla sala;Verniciature Rossi;08:00-19:01;COOPERATIVA;4136.37;Hub Tecnologico Genova;Capacità di lavorare in team e gestire clienti con cortesia ed efficienza. Preferibile esperienza pregressa nel settore.;volontario3@example.com
Chef de partie in ristorante di qualità - Retribuzione competitiva;True;16;47;[];True;Chef de partie;Carpenteria Italiana;07:00-18:01;APPRENDISTATO;5259.6;Filiale Centro;Richiesta esperienza di almeno 2 anni in ristoranti di qualità. Capacità di gestione autonoma della propria partita e attenzione ai dettagli.;volontario2@example.com
Banconista in gelateria artigianale - Ambiente dinamico;True;17;68;[];True;Banconista;LiftTech;09:00-17:01;FULL_TIME;1988.81;Headquarters Milano;Buone doti comunicative, velocità e precisione nel servizio al banco. Non è necessaria esperienza pregressa.;volontario1@example.com
Addetto/a catering per eventi - Lavoro part-time;True;18;7;[];True;Addetto/a catering;LiftTech;07:00-19:01;PROGETTO;2816.36;Divisione Tecnica Bologna;Capacità di lavorare in un ambiente dinamico, flessibilità oraria e disponibilità a lavorare nei weekend. Ideale per chi cerca un lavoro flessibile.;volontario3@example.com
Muratore con esperienza - Contratto immediato;True;19;49;[];True;Muratore;LiftTech;10:00-19:01;ALTRO;3547.18;Sede Operativa Sud;Richiesta esperienza pregressa nella muratura, capacità di leggere progetti e gestire lavori di precisione. Livello di istruzione richiesto: scuola secondaria.;volontario2@example.com
Piastrellista cercasi - Formazione sul campo garantita;True;20;68;[];True;Piastrellista;GreenGarden;10:00-18:01;FULL_TIME;5899.45;Officina Torino;Non è necessaria esperienza pregressa. Capacità manuali e attenzione ai dettagli sono essenziali. Formazione garantita sul campo. Livello di istruzione richiesto: scuola dell’obbligo.;volontario1@example.com
Carpentiere edile - Opportunità di crescita professionale;True;21;11;[];True;Carpentiere edile;ArredoMobili;08:00-19:02;PROGETTO;5284.09;Centro Manutenzioni Napoli;Esperienza nella costruzione di strutture in legno o metallo. Capacità di utilizzo di strumenti professionali. Livello di istruzione richiesto: diploma tecnico.;volontario3@example.com
Imbianchino per progetti residenziali - Materiali forniti;True;22;5;[];True;Imbianchino;IdroPower;07:00-18:02;COOPERATIVA;1850.27;Centro Manutenzioni Napoli;Richiesta precisione e abilità nel gestire lavori di verniciatura. Materiali e attrezzature forniti. Livello di istruzione richiesto: scuola dell’obbligo.;volontario2@example.com
Elettricista industriale - Inserimento diretto in azienda;True;23;89;[];True;Elettricista industriale;GreenGarden;09:00-17:02;PROGETTO;5465.44;Headquarters Milano;Necessaria esperienza nel settore industriale, capacità di lettura di schemi elettrici. Inserimento diretto con possibilità di crescita. Livello di istruzione richiesto: diploma tecnico.;volontario1@example.com
Idraulico per impianti civili e industriali - Stipendio competitivo;True;24;20;[];True;Idraulico;EcoManutenzioni;07:00-19:02;ALTRO;5234.4;Hub Tecnologico Genova;Esperienza nella manutenzione e installazione di impianti idraulici civili e industriali. Offerto stipendio competitivo. Livello di istruzione richiesto: diploma professionale.;volontario3@example.com
Operaio/a edile - Contratto regolare e sicurezza sul lavoro;True;25;72;[];True;Operaio/a edile;ElettroService;10:00-19:02;APPRENDISTATO;3631.39;Filiale Centro;Richiesta affidabilità e capacità di lavorare in team. Contratto regolare con formazione sulla sicurezza inclusa. Livello di istruzione richiesto: scuola dell’obbligo.;volontario2@example.com
Tecnico del legno per lavori artigianali - Opportunità locale;True;26;39;[];True;Tecnico del legno;Carpenteria Italiana;10:00-18:02;FULL_TIME;2864.58;Stabilimento Nord;Esperienza nella lavorazione del legno e utilizzo di strumenti artigianali. Opportunità locale per appassionati del settore. Livello di istruzione richiesto: diploma tecnico.;volontario1@example.com
Cameriere/a per ristorante elegante - Inizio immediato!;True;27;65;[];True;Cameriere/a edilizio;AutoFix;08:00-19:03;COOPERATIVA;5888.66;Officina Torino;Stiamo cercando un/a Cameriere/a esperto/a, con esperienza nel servizio ai tavoli e nella gestione dell’esperienza del cliente.;volontario3@example.com
Addetto/a ai ponteggi - Offerta con formazione inclusa;True;28;99;[];True;Addetto/a ai ponteggi;LiftTech;07:00-18:03;INTERNSHIP;2359.12;Laboratorio Firenze;Capacità di lavorare ad altezze elevate. Formazione sulla sicurezza e utilizzo di ponteggi inclusa. Livello di istruzione richiesto: scuola dell’obbligo.;volontario2@example.com
Addetto/a alla pulizia industriale;True;29;95;[];True;Addetto/a alla pulizia ;AutoFix;09:00-17:03;APPRENDISTATO;2626.2;Sede Operativa Sud;Cerchiamo una persona affidabile per pulizia di grandi superfici (come magazzini);volontario1@example.com
Autista patente B cercasi - Consegne a breve distanza;True;30;14;[];True;Autista;Carpenteria Italiana;07:00-19:03;PROGETTO;4940.55;Stabilimento Nord;Patente B in corso di validità, conoscenza della zona e puntualità. Preferibile esperienza pregressa nelle consegne. Livello di istruzione richiesto: scuola dell’obbligo.;volontario3@example.com
Addetto/a alla logistica - Possibilità di contratto fisso;True;31;71;[];True;Addetto/a alla logistica;TecnoMetal;10:00-19:03;PART_TIME;3687.47;Laboratorio Firenze;Capacità organizzative, gestione ordini e conoscenza di software gestionali. Possibilità di stabilizzazione contrattuale. Livello di istruzione richiesto: diploma.;volontario2@example.com
Corriere espresso - Offerta di lavoro immediata;True;32;59;[];True;Corriere;AutoFix;10:00-18:03;APPRENDISTATO;1927.6;Sede Operativa Sud;Richiesta patente B, velocità e precisione nelle consegne. Lavoro immediato con retribuzione regolare. Livello di istruzione richiesto: scuola dell’obbligo.;volontario1@example.com
Interpretariato in Tempo Reale - Contratto Immediato!;True;33;57;[];True;Interprete/Traduttore;ElettroService;08:00-19:04;FULL_TIME;4289.13;Officina Torino;Cerchiamo un/a Interprete/Traduttore per interpretariato in tempo reale. Se hai esperienza con l'interpretazione tra haitiano e ebraico e sei appassionato di comunicazione, questa è l'opportunità che fa per te!;volontario3@example.com
Coordinatore logistica - Ottime possibilità di crescita;True;34;61;[];True;Coordinatore logistica;EcoManutenzioni;07:00-18:04;COLLABORAZIONE;5116.26;Laboratorio Firenze;Esperienza nella gestione logistica, capacità di leadership e conoscenza di sistemi informatici avanzati. Ottime prospettive di crescita. Livello di istruzione richiesto: laurea triennale.;volontario2@example.com
Autista patente C + CQC - Contratto stabile;True;35;9;[];True;Autista;TecnoMetal;09:00-17:04;PART_TIME;2541.86;Officina Torino;Patente C e certificazione CQC valide. Capacità di gestione delle tratte e puntualità. Offerto contratto stabile. Livello di istruzione richiesto: scuola dell’obbligo.;volontario1@example.com
Addetto/a spedizioni internazionali - Richiesta precisione;True;36;48;[];True;Addetto/a spedizioni;ArredoMobili;07:00-19:04;ALTRO;2719.35;Sede Operativa Sud;Competenza in spedizioni internazionali, conoscenza delle normative doganali e precisione. Livello di istruzione richiesto: diploma o laurea.;volontario3@example.com
Conducente mezzi pesanti - Viaggi nazionali;True;37;83;[];True;Conducente mezzi pesanti;AutoFix;10:00-19:04;PROGETTO;4022.99;Filiale Centro;Patente CE, esperienza nella guida di mezzi pesanti e disponibilità per viaggi nazionali. Livello di istruzione richiesto: scuola dell’obbligo.;volontario2@example.com
Addetto/a smistamento pacchi - Inizio immediato;True;38;94;[];True;Addetto/a smistamento;Carpenteria Italiana;10:00-18:04;COOPERATIVA;3153.84;Centro Manutenzioni Napoli;Precisione nello smistamento pacchi, affidabilità e disponibilità a lavorare su turni. Livello di istruzione richiesto: scuola dell’obbligo.;volontario1@example.com
Raccoglitore di frutta stagionale - Alloggio incluso;True;39;66;[];True;Raccoglitore di frutta;IdroPower;08:00-19:05;APPRENDISTATO;3759.29;Headquarters Milano;Non è richiesta esperienza. Necessarie buone condizioni fisiche e disponibilità a lavorare su turni. Livello di istruzione richiesto: scuola dell’obbligo.;volontario3@example.com
Operaio/a agricolo - Contratto regolare e formazione;True;40;31;[];True;Operaio/a agricolo;EcoManutenzioni;07:00-18:05;FULL_TIME;4908.47;Headquarters Milano;Richiesta affidabilità e capacità di lavorare in squadra. Formazione inclusa. Livello di istruzione richiesto: scuola dell’obbligo.;volontario2@example.com
Lavoro nei campi - Opportunità stagionale e alloggio;True;41;68;[];True;Addetto/a campi;ArredoMobili;09:00-17:05;APPRENDISTATO;1965.86;Officina Torino;Ideale per lavoratori stagionali. Resistenza fisica e flessibilità oraria richieste. Livello di istruzione richiesto: scuola dell’obbligo.;volontario1@example.com
Addetto/a serre e coltivazioni - Lavoro full-time;True;42;71;[];True;Addetto/a serre;LiftTech;07:00-19:05;APPRENDISTATO;3935.31;Sede Operativa Sud;Esperienza in serre o coltivazioni è preferibile. Richiesta precisione e capacità di lavorare con attrezzi agricoli. Livello di istruzione richiesto: diploma.;volontario3@example.com
Potatore di vigneti - Contratto a progetto;True;43;52;[];True;Potatore di vigneti;ArredoMobili;10:00-19:05;ALTRO;5998.25;Filiale Centro;Richiesta esperienza nella potatura di vigneti e utilizzo di forbici professionali. Livello di istruzione richiesto: scuola dell’obbligo.;volontario2@example.com
Operaio/a in azienda agricola - Possibilità di lungo termine;True;44;71;[];True;Operaio/a agricolo;AutoFix;10:00-18:05;COLLABORAZIONE;5376.08;UnitÃ  Produttiva Roma;Capacità di adattamento a diverse mansioni agricole. Possibilità di stabilizzazione contrattuale. Livello di istruzione richiesto: scuola dell’obbligo.;volontario1@example.com
Addetto/a alla cura degli animali - Offerta con vitto incluso;True;45;63;[];True;Addetto/a cura animali;GreenGarden;08:00-19:06;PROGETTO;3732.68;Sede Operativa Sud;Amore per gli animali, esperienza preferibile in allevamenti. Vitto incluso. Livello di istruzione richiesto: scuola dell’obbligo.;volontario3@example.com
Raccolta olive e uva - Posizione temporanea ben pagata;True;46;70;[];True;Raccoglitore olive e uva;IdroPower;07:00-18:06;PART_TIME;5655.34;Centro Manutenzioni Napoli;Richiesta resistenza fisica e velocità nella raccolta. Lavoro stagionale ben remunerato. Livello di istruzione richiesto: scuola dell’obbligo.;volontario2@example.com
Giardiniere esperto cercasi - Contratto part-time;True;47;1;[];True;Giardiniere esperto;GreenGarden;09:00-17:06;COOPERATIVA;4324.18;UnitÃ  Produttiva Roma;Esperienza nella manutenzione di giardini e utilizzo di attrezzi da giardinaggio. Contratto part-time. Livello di istruzione richiesto: scuola dell’obbligo.;volontario1@example.com
Aiuto coltivatore biologico - Progetto a gestione familiare;True;48;81;[];True;Aiuto coltivatore;LiftTech;07:00-19:06;COOPERATIVA;3043.89;Laboratorio Firenze;Interesse per l'agricoltura biologica, lavoro a stretto contatto con la natura. Progetto familiare. Livello di istruzione richiesto: scuola dell’obbligo.;volontario3@example.com
Badante convivente - Vitto e alloggio inclusi;True;49;51;[];True;Badante convivente;TecnoMetal;10:00-19:06;COOPERATIVA;5478.81;Officina Torino;Richiesta pazienza, capacità di cura e attenzione ai dettagli. Vitto e alloggio inclusi. Livello di istruzione richiesto: scuola dell’obbligo.;volontario2@example.com
Operatore/trice socio-sanitario - Contratto regolare;True;50;72;[];True;Operatore/trice socio-sanitario;EcoManutenzioni;10:00-18:06;COLLABORAZIONE;4798.07;Sede Operativa Sud;Necessario attestato OSS e predisposizione al lavoro con anziani. Contratto regolare. Livello di istruzione richiesto: diploma professionale.;volontario1@example.com
Baby sitter flessibile - Esperienza non richiesta;True;51;56;[];True;Baby sitter;IdroPower;08:00-19:07;PART_TIME;3667.92;Laboratorio Firenze;Flessibilità oraria, amore per i bambini e capacità di intrattenimento. Non è richiesta esperienza pregressa. Livello di istruzione richiesto: scuola dell’obbligo.;volontario3@example.com
Assistente familiare cercasi - Supporto garantito;True;52;64;[];True;Assistente familiare;Verniciature Rossi;07:00-18:07;ALTRO;3420.58;Laboratorio Firenze;Richiesta empatia, organizzazione e capacità di supportare la famiglia in diverse attività quotidiane. Livello di istruzione richiesto: scuola dell’obbligo.;volontario2@example.com
Addetto/a pulizie domestiche - Lavoro stabile;True;53;5;[];True;Addetto/a pulizie domestiche;Carpenteria Italiana;09:00-17:07;APPRENDISTATO;2224.19;Laboratorio Firenze;Precisione e affidabilità nella pulizia di ambienti domestici. Lavoro stabile con possibilità di orari flessibili. Livello di istruzione richiesto: scuola dell’obbligo.;volontario1@example.com
Tutor scolastico per ripetizioni - Compensi orari garantiti;True;54;58;[];True;Tutor scolastico;TecnoMetal;07:00-19:07;INTERNSHIP;2895.09;Divisione Tecnica Bologna;Competenze in una o più materie scolastiche e capacità di insegnamento. Compensi orari garantiti. Livello di istruzione richiesto: laurea o diploma avanzato.;volontario3@example.com
Operatore/trice assistenza disabili - Formazione inclusa;True;55;29;[];True;Operatore/trice assistenza disabili;GreenGarden;10:00-19:07;ALTRO;5996.08;Filiale Centro;Empatia, capacità di lavorare in contesti delicati e volontà di apprendere. Formazione inclusa. Livello di istruzione richiesto: scuola dell’obbligo.;volontario2@example.com
Insegnante di italiano per stranieri - Progetto inclusivo;True;56;33;[];True;Insegnante di italiano;IdroPower;10:00-18:07;COOPERATIVA;4622.7;Filiale Centro;Esperienza nell'insegnamento della lingua italiana a stranieri. Preferibile certificazione DITALS o equivalente. Livello di istruzione richiesto: laurea.;volontario1@example.com
Cuoco/a per comunità locale - Turni flessibili;True;57;4;[];True;Cuoco/a;TecnoMetal;08:00-19:08;INTERNSHIP;4481.18;UnitÃ  Produttiva Roma;Esperienza nella preparazione di pasti per gruppi numerosi. Turni flessibili. Livello di istruzione richiesto: diploma alberghiero o equivalente.;volontario3@example.com
Addetto/a alla lavanderia - Contratto con formazione;True;58;86;[];True;Addetto/a lavanderia;GreenGarden;07:00-18:08;APPRENDISTATO;4456.16;Filiale Centro;Precisione e capacità di utilizzo di macchinari per lavanderie. Contratto regolare con formazione iniziale. Livello di istruzione richiesto: scuola dell’obbligo.;volontario2@example.com
Commesso/a per negozio di abbigliamento - Part time;True;59;89;[];True;Commesso/a;Carpenteria Italiana;09:00-17:08;PROGETTO;3365.92;Officina Torino;Capacità relazionali, conoscenza base di cassa e gestione clienti. Ideale per studenti o chi cerca un part-time. Livello di istruzione richiesto: scuola dell’obbligo.;volontario1@example.com
Cassiere/a per supermercato - Lavoro stabile;True;60;2;[];True;Cassiere/a;GreenGarden;07:00-19:08;FULL_TIME;4259.71;Sede Operativa Sud;Esperienza nella gestione della cassa, precisione e attenzione al cliente. Contratto stabile. Livello di istruzione richiesto: diploma di scuola superiore.;volontario3@example.com
Addetto/a reparto freschi - Ambiente dinamico;True;61;23;[];True;Addetto/a reparto freschi;EcoManutenzioni;10:00-19:08;PROGETTO;1906.56;Headquarters Milano;Esperienza in reparti freschi (salumi, formaggi, ecc.) preferibile. Richieste velocità e precisione. Livello di istruzione richiesto: scuola dell’obbligo.;volontario2@example.com
Responsabile di negozio - Possibilità di crescita;True;62;2;[];True;Responsabile di negozio;TecnoMetal;10:00-18:08;COOPERATIVA;4496.08;Officina Torino;Capacità di leadership, gestione del personale e conoscenza delle vendite. Opportunità di crescita. Livello di istruzione richiesto: diploma o laurea.;volontario1@example.com
Addetto/a vendite online - Contratto a progetto;True;63;35;[];True;Addetto/a vendite online;Verniciature Rossi;08:00-19:09;FULL_TIME;2354.49;UnitÃ  Produttiva Roma;Competenza in piattaforme e-commerce e gestione clienti online. Contratto a progetto. Livello di istruzione richiesto: diploma.;volontario3@example.com
Specialista in Creazione di Corsi Online - Inizio immediato!;True;64;42;[];True;Specialista in Creazione di Corsi Online;ElettroService;07:00-18:09;INTERNSHIP;4232.73;Divisione Tecnica Bologna;Siamo alla ricerca di un Specialista in Creazione di Corsi Online con passione per l’educazione digitale e la formazione.;volontario2@example.com
Addetto/a scaffalature - Lavoro serale;True;65;74;[];True;Addetto/a scaffalature;LiftTech;09:00-17:09;COLLABORAZIONE;2300.13;Centro Manutenzioni Napoli;Velocità e precisione nel riassortimento scaffali. Disponibilità a lavorare di sera. Livello di istruzione richiesto: scuola dell’obbligo.;volontario1@example.com
Consulente vendita prodotti cosmetici - Formazione offerta;True;66;64;[];True;Consulente vendita cosmetici;EcoManutenzioni;07:00-19:09;COLLABORAZIONE;5296.88;Headquarters Milano;Passione per il settore cosmetico e buone doti relazionali. Formazione garantita. Livello di istruzione richiesto: scuola dell’obbligo.;volontario3@example.com
Operatore/trice e-commerce - Lavoro flessibile;True;67;16;[];True;Operatore/trice e-commerce;EcoManutenzioni;10:00-19:09;COOPERATIVA;2549.46;UnitÃ  Produttiva Roma;Gestione ordini online, customer care e conoscenza delle piattaforme digitali. Lavoro flessibile. Livello di istruzione richiesto: diploma.;volontario2@example.com
Addetto/a mercato ambulante - Lavoro immediato;True;68;40;[];True;Addetto/a mercato ambulante;Carpenteria Italiana;10:00-18:09;INTERNSHIP;1692.41;Centro Manutenzioni Napoli;Spirito di adattamento, capacità di vendita e disponibilità a lavorare all’aperto. Lavoro immediato. Livello di istruzione richiesto: scuola dell’obbligo.;volontario1@example.com
Receptionist per hotel - Turni flessibili e formazione;True;69;67;[];True;Receptionist;ArredoMobili;08:00-19:10;APPRENDISTATO;2783.24;Hub Tecnologico Genova;Richieste buone capacità comunicative, conoscenza base di inglese e disponibilità a turni flessibili. Formazione inclusa. Livello di istruzione richiesto: diploma di scuola superiore.;volontario3@example.com
Guida turistica multilingue - Esperienza non richiesta;True;70;50;[];True;Guida turistica;IdroPower;07:00-18:10;COOPERATIVA;3195.38;Hub Tecnologico Genova;Conoscenza fluente di almeno due lingue straniere, predisposizione al contatto con il pubblico. Non è richiesta esperienza. Livello di istruzione richiesto: diploma.;volontario2@example.com
Addetto/a accoglienza ospiti - Hotel 3 stelle;True;71;5;[];True;Addetto/a accoglienza ospiti;LiftTech;09:00-17:10;PART_TIME;1510.34;Sede Operativa Sud;Ottime doti relazionali, preferibile esperienza in hotel, conoscenza di una lingua straniera. Livello di istruzione richiesto: diploma.;volontario1@example.com
Animatore/trice turistico - Contratto stagionale;True;72;44;[];True;Animatore/trice turistico;TecnoMetal;07:00-19:10;FULL_TIME;1780.22;Filiale Centro;Energia, creatività e predisposizione al lavoro di gruppo. Contratto stagionale in villaggi turistici. Livello di istruzione richiesto: scuola dell’obbligo.;volontario3@example.com
Addetto/a alle pulizie hotel - Opportunità immediata;True;73;24;[];True;Addetto/a alle pulizie;IdroPower;10:00-19:10;COOPERATIVA;1975.43;Officina Torino;Esperienza nella pulizia di camere e spazi comuni preferibile. Lavoro immediato. Livello di istruzione richiesto: scuola dell’obbligo.;volontario2@example.com
Organizzatore di eventi - Lavoro dinamico;True;74;17;[];True;Organizzatore di eventi;IdroPower;10:00-18:10;INTERNSHIP;3045.32;Divisione Tecnica Bologna;Capacità di pianificazione, creatività e gestione del budget. Preferibile esperienza nel settore eventi. Livello di istruzione richiesto: laurea o diploma tecnico.;volontario1@example.com
Gestione case vacanze - Posizione stabile;True;75;65;[];True;Gestione case vacanze;EcoManutenzioni;08:00-19:11;COOPERATIVA;2988.83;Officina Torino;Capacità organizzative, gestione clienti e piattaforme di booking online. Posizione stabile. Livello di istruzione richiesto: diploma.;volontario3@example.com
Assistente di viaggio - Formazione inclusa;True;76;6;[];True;Assistente di viaggio;TecnoMetal;07:00-18:11;INTERNSHIP;1543.64;Officina Torino;Richiesta flessibilità, capacità organizzative e predisposizione al contatto con i clienti. Formazione inclusa. Livello di istruzione richiesto: diploma.;volontario2@example.com
Addetto/a ristorante in struttura turistica - Full time;True;77;61;[];True;Addetto/a ristorante;ArredoMobili;09:00-17:11;APPRENDISTATO;2872.21;Headquarters Milano;Esperienza in sala o cucina preferibile, disponibilità full time. Livello di istruzione richiesto: scuola dell’obbligo.;volontario1@example.com
Portiere di notte - Contratto a norma;True;78;31;[];True;Portiere di notte;LiftTech;07:00-19:11;COOPERATIVA;5268.65;Laboratorio Firenze;Richiesta affidabilità, capacità di gestione reception durante la notte e conoscenza base di inglese. Contratto regolare. Livello di istruzione richiesto: diploma.;volontario3@example.com
Tecnico informatico junior - Formazione inclusa;True;79;71;[];True;Tecnico informatico junior;ElettroService;10:00-19:11;ALTRO;3695.23;Divisione Tecnica Bologna;Richiesta passione per l'informatica, capacità di problem solving e disponibilità a imparare. Formazione inclusa. Livello di istruzione richiesto: diploma tecnico.;volontario2@example.com
Sviluppatore software cercasi - Contratto a progetto;True;80;29;[];True;Sviluppatore software;EcoManutenzioni;10:00-18:11;PART_TIME;5881.96;Filiale Centro;Esperienza nella programmazione (Java, Python o simili). Contratto a progetto per sviluppo applicazioni. Livello di istruzione richiesto: laurea in informatica o equivalente.;volontario1@example.com
Addetto/a assistenza IT - Opportunità stabile;True;81;47;[];True;Addetto/a assistenza IT;Carpenteria Italiana;08:00-19:12;COOPERATIVA;1868.61;Filiale Centro;Esperienza in assistenza tecnica e manutenzione di sistemi informatici. Opportunità stabile. Livello di istruzione richiesto: diploma tecnico.;volontario3@example.com
Web designer per progetti locali - Lavoro flessibile;True;82;92;[];True;Web designer;TecnoMetal;07:00-18:12;PROGETTO;3962.89;Hub Tecnologico Genova;Conoscenza di HTML, CSS, WordPress e strumenti grafici. Lavoro flessibile con focus su progetti locali. Livello di istruzione richiesto: diploma o corso specifico.;volontario2@example.com
Specialista reti e telecomunicazioni - Posizione immediata;True;83;46;[];True;Specialista reti;LiftTech;09:00-17:12;COLLABORAZIONE;5253.41;Filiale Centro;Esperienza nella configurazione di reti e sistemi di telecomunicazione. Posizione immediata. Livello di istruzione richiesto: laurea o diploma tecnico.;volontario1@example.com
Programmatore junior - Opportunità in team esperto;True;84;87;[];True;Programmatore junior;Carpenteria Italiana;07:00-19:12;PROGETTO;4708.93;Centro Manutenzioni Napoli;Conoscenza base di linguaggi di programmazione (C++, Java, ecc.). Opportunità di crescita in team esperto. Livello di istruzione richiesto: diploma o laurea.;volontario3@example.com
Supporto tecnico hardware - Inizio immediato;True;85;32;[];True;Supporto tecnico hardware;Verniciature Rossi;10:00-19:12;COLLABORAZIONE;3842.76;Headquarters Milano;Competenze nella riparazione e manutenzione di hardware informatico. Inizio immediato. Livello di istruzione richiesto: diploma tecnico.;volontario2@example.com
Grafico/a freelance - Collaborazione creativa;True;86;35;[];True;Grafico/a freelance;GreenGarden;10:00-18:12;COOPERATIVA;5787.55;Stabilimento Nord;Conoscenza di software grafici (Photoshop, Illustrator). Creatività e flessibilità per collaborazioni. Livello di istruzione richiesto: diploma o equivalente.;volontario1@example.com
Data entry per gestione database - Lavoro part time;True;87;9;[];True;Data entry;GreenGarden;08:00-19:13;INTERNSHIP;4082.38;Centro Manutenzioni Napoli;Precisione e velocità nella gestione e inserimento dati. Lavoro part time. Livello di istruzione richiesto: diploma.;volontario3@example.com
Addetto/a social media marketing - Contratto iniziale;True;88;40;[];True;Addetto/a social media marketing;IdroPower;07:00-18:13;PROGETTO;1655.96;Filiale Centro;Conoscenza delle principali piattaforme social, competenze di copywriting e analisi. Contratto iniziale. Livello di istruzione richiesto: diploma o corso specifico.;volontario2@example.com
Sarto/a per sartoria locale - Lavoro su misura;True;89;52;[];True;Sarto/a;GreenGarden;09:00-17:13;PART_TIME;1909.36;Divisione Tecnica Bologna;Esperienza nella creazione e modifica di abiti su misura. Precisione e attenzione ai dettagli richieste. Livello di istruzione richiesto: scuola dell’obbligo.;volontario1@example.com
Falegname cercasi - Contratto stabile;True;90;80;[];True;Falegname;LiftTech;07:00-19:13;INTERNSHIP;3887.51;Laboratorio Firenze;Conoscenza della lavorazione del legno e utilizzo di strumenti professionali. Contratto stabile. Livello di istruzione richiesto: diploma tecnico.;volontario3@example.com
Operaio/a tessile - Produzione di qualità;True;91;69;[];True;Operaio/a tessile;ElettroService;10:00-19:13;PROGETTO;3567.21;Filiale Centro;Esperienza in macchine tessili preferibile. Precisione nella produzione e controllo qualità. Livello di istruzione richiesto: scuola dell’obbligo.;volontario2@example.com
Addetto/a assemblaggio - Inizio immediato;True;92;69;[];True;Addetto/a assemblaggio;ArredoMobili;10:00-18:13;COLLABORAZIONE;2619.25;Sede Operativa Sud;Capacità manuali e velocità nell'assemblaggio di componenti. Inizio immediato. Livello di istruzione richiesto: scuola dell’obbligo.;volontario1@example.com
Tecnico riparazioni elettrodomestici - Formazione offerta;True;93;52;[];True;Tecnico riparazioni elettrodomestici;GreenGarden;08:00-19:14;ALTRO;5185.79;Centro Manutenzioni Napoli;Competenze tecniche di base e disponibilità ad apprendere nuove abilità. Formazione garantita. Livello di istruzione richiesto: diploma tecnico.;volontario3@example.com
Calzolaio per bottega artigianale - Posizione stabile;True;94;52;[];True;Calzolaio;LiftTech;07:00-18:14;PROGETTO;1746.28;Filiale Centro;Esperienza nella riparazione e creazione di calzature artigianali. Posizione stabile. Livello di istruzione richiesto: scuola dell’obbligo.;volontario2@example.com
Addetto/a lavorazione metalli - Opportunità locale;True;95;50;[];True;Addetto/a lavorazione metalli;TecnoMetal;09:00-17:14;ALTRO;2489.85;UnitÃ  Produttiva Roma;Conoscenza base della lavorazione dei metalli e utilizzo di macchinari specifici. Opportunità locale. Livello di istruzione richiesto: diploma tecnico.;volontario1@example.com
Restauratore di mobili - Collaborazione regolare;True;96;54;[];True;Restauratore di mobili;Verniciature Rossi;07:00-19:14;PROGETTO;5376.66;UnitÃ  Produttiva Roma;Esperienza nella riparazione e restauro di mobili antichi. Collaborazione regolare. Livello di istruzione richiesto: diploma tecnico o artistico.;volontario3@example.com
Ceramista per laboratorio artistico - Contratto flessibile;True;97;34;[];True;Ceramista;ArredoMobili;10:00-19:14;PROGETTO;2225.97;Divisione Tecnica Bologna;Abilità nella modellazione e decorazione della ceramica. Contratto flessibile per progetti creativi. Livello di istruzione richiesto: scuola dell’obbligo.;volontario2@example.com
Orafo/a cercasi - Possibilità di crescita;True;98;75;[];True;Orafo/a;Verniciature Rossi;10:00-18:14;ALTRO;5904.42;Sede Operativa Sud;Esperienza nella lavorazione dei metalli preziosi e creazione di gioielli. Possibilità di crescita. Livello di istruzione richiesto: diploma tecnico o artistico.;volontario1@example.com
Addetto/a amministrativo - Contratto regolare;True;99;15;[];True;Addetto/a amministrativo;IdroPower;08:00-19:15;INTERNSHIP;3895.4;Headquarters Milano;Competenze amministrative di base, utilizzo di software gestionali e precisione. Contratto regolare. Livello di istruzione richiesto: diploma.;volontario3@example.com
Segretario/a per studio medico - Flessibilità garantita;True;100;21;[];True;Segretario/a;ArredoMobili;07:00-18:15;INTERNSHIP;2585.59;Hub Tecnologico Genova;Capacità organizzative, gestione appuntamenti e conoscenza base di strumenti informatici. Flessibilità oraria garantita. Livello di istruzione richiesto: diploma.;volontario2@example.com
Contabile junior - Opportunità in studio professionale;True;101;36;[];True;Contabile junior;ElettroService;09:00-17:15;COLLABORAZIONE;5085.46;Headquarters Milano;Conoscenza base di contabilità e utilizzo di Excel. Opportunità in studio professionale. Livello di istruzione richiesto: diploma o laurea in economia.;volontario1@example.com
Data entry amministrativo - Lavoro in smart working;True;102;34;[];True;Data entry amministrativo;GreenGarden;07:00-19:15;INTERNSHIP;2354.4;Centro Manutenzioni Napoli;Precisione e velocità nell'inserimento dati. Opportunità di lavoro in smart working. Livello di istruzione richiesto: diploma.;volontario3@example.com
Assistente personale - Contratto a tempo pieno;True;103;36;[];True;Assistente personale;ElettroService;10:00-19:15;FULL_TIME;2454.51;Filiale Centro;Buone capacità organizzative, gestione agenda e discrezione. Contratto a tempo pieno. Livello di istruzione richiesto: diploma.;volontario2@example.com
Operatore/trice call center - Opportunità part-time;True;104;66;[];True;Operatore/trice call center;LiftTech;10:00-18:15;COLLABORAZIONE;4248.27;Stabilimento Nord;Buone capacità comunicative e orientamento al cliente. Opportunità part-time. Livello di istruzione richiesto: scuola dell’obbligo.;volontario1@example.com
Receptionist in azienda - Ambiente accogliente;True;105;12;[];True;Receptionist;TecnoMetal;08:00-19:16;APPRENDISTATO;2301.36;Headquarters Milano;Accoglienza clienti, gestione chiamate e appuntamenti. Ambiente accogliente. Livello di istruzione richiesto: diploma.;volontario3@example.com
Addetto/a archiviazione documenti - Inizio immediato;True;106;39;[];True;Addetto/a archiviazione documenti;AutoFix;07:00-18:16;COLLABORAZIONE;3376.01;Officina Torino;Precisione e capacità organizzative nella gestione e archiviazione di documenti. Inizio immediato. Livello di istruzione richiesto: scuola dell’obbligo.;volontario2@example.com
Gestore pratiche amministrative - Contratto con benefit;True;107;84;[];True;Gestore pratiche amministrative;AutoFix;09:00-17:16;INTERNSHIP;2575.22;Hub Tecnologico Genova;Esperienza nella gestione di pratiche amministrative e ottime capacità relazionali. Contratto con benefit. Livello di istruzione richiesto: diploma.;volontario1@example.com
Assistente legale junior - Formazione garantita;True;108;15;[];True;Assistente legale junior;Verniciature Rossi;07:00-19:16;PART_TIME;3227.19;Laboratorio Firenze;Conoscenza base del diritto, gestione di pratiche legali e supporto ai professionisti. Formazione garantita. Livello di istruzione richiesto: laurea in giurisprudenza.;volontario3@example.com
Addetto/a alla griglia - Ristorante informale;True;109;86;[];True;Addetto/a alla griglia;IdroPower;10:00-19:16;APPRENDISTATO;5259.52;Headquarters Milano;Esperienza preferibile ma non indispensabile. Richiesta velocità e precisione nella preparazione delle pietanze. Livello di istruzione richiesto: scuola dell’obbligo.;volontario2@example.com
Cuoco/a specializzato in cucina etnica - Contratto stabile;True;110;95;[];True;Cuoco/a cucina etnica;IdroPower;10:00-18:16;ALTRO;3739.13;UnitÃ  Produttiva Roma;Esperienza nella preparazione di piatti etnici e creatività culinaria. Contratto stabile. Livello di istruzione richiesto: diploma alberghiero o equivalente.;volontario1@example.com
Responsabile sala - Leadership e organizzazione;True;111;77;[];True;Responsabile sala;ArredoMobili;08:00-19:17;COOPERATIVA;3451.71;Divisione Tecnica Bologna;Capacità di gestione del personale, organizzazione e attenzione al cliente. Leadership richiesta. Livello di istruzione richiesto: diploma o laurea.;volontario3@example.com
Barista esperto in mixology - Opportunità di crescita;True;112;55;[];True;Barista mixology;EcoManutenzioni;07:00-18:17;ALTRO;5885.9;Centro Manutenzioni Napoli;Esperienza in mixology e preparazione cocktail. Opportunità di crescita in un ambiente dinamico. Livello di istruzione richiesto: diploma.;volontario2@example.com
Sommelier per ristorante gourmet - Formazione inclusa;True;113;32;[];True;Sommelier;LiftTech;09:00-17:17;PART_TIME;3425.55;Sede Operativa Sud;Conoscenza base dei vini e passione per il settore. Formazione inclusa per l’acquisizione di certificazioni. Livello di istruzione richiesto: diploma.;volontario1@example.com
Aiuto pasticcere per laboratorio locale - Turni mattutini;True;114;68;[];True;Aiuto pasticcere;ArredoMobili;07:00-19:17;INTERNSHIP;4632.79;Officina Torino;Interesse per la pasticceria, abilità manuali e disponibilità ai turni mattutini. Livello di istruzione richiesto: diploma.;volontario3@example.com
Addetto/a food truck - Contratto dinamico;True;115;6;[];True;Addetto/a food truck;Carpenteria Italiana;10:00-19:17;ALTRO;1516.47;Sede Operativa Sud;Capacità di lavorare in spazi ridotti e in movimento. Contratto dinamico e flessibile. Livello di istruzione richiesto: scuola dell’obbligo.;volontario2@example.com
Cameriere/a part-time per eventi privati;True;116;78;[];True;Cameriere/a;Verniciature Rossi;10:00-18:17;PART_TIME;3477.33;Divisione Tecnica Bologna;Buone capacità relazionali, precisione e flessibilità. Ideale per studenti. Livello di istruzione richiesto: scuola dell’obbligo.;volontario1@example.com
Chef di partita - Menù stagionali e freschi;True;117;62;[];True;Chef di partita;LiftTech;08:00-19:18;PROGETTO;4285.68;Hub Tecnologico Genova;Esperienza nella gestione di una partita, creatività e conoscenza dei prodotti freschi. Livello di istruzione richiesto: diploma alberghiero.;volontario3@example.com
Pizzaiolo/a apprendista - Formazione retribuita;True;118;34;[];True;Pizzaiolo/a apprendista;Carpenteria Italiana;07:00-18:18;FULL_TIME;1576.71;Headquarters Milano;Interesse per la preparazione della pizza. Formazione retribuita con possibilità di crescita. Livello di istruzione richiesto: scuola dell’obbligo.;volontario2@example.com
Tinteggiatore con esperienza in decorazioni;True;119;50;[];True;Tinteggiatore;GreenGarden;09:00-17:18;COOPERATIVA;2445.16;Laboratorio Firenze;Esperienza nella tinteggiatura e decorazioni murali. Precisione e creatività richieste. Livello di istruzione richiesto: scuola dell’obbligo.;volontario1@example.com
Operaio/a pavimentista per cantieri civili;True;120;31;[];True;Operaio/a pavimentista;LiftTech;07:00-19:18;APPRENDISTATO;2574.2;Officina Torino;Esperienza nella posa di pavimenti e utilizzo di strumenti specifici. Livello di istruzione richiesto: scuola dell’obbligo.;volontario3@example.com
Addetto/a alla posa di infissi - Contratto diretto;True;121;24;[];True;Addetto/a posa infissi;TecnoMetal;10:00-19:18;ALTRO;5000.32;Filiale Centro;Esperienza nella posa di infissi e serramenti. Contratto diretto. Livello di istruzione richiesto: diploma tecnico.;volontario2@example.com
Progettista edile junior - Collaborazione a lungo termine;True;122;3;[];True;Progettista edile junior;Verniciature Rossi;10:00-18:18;COOPERATIVA;4054.86;Centro Manutenzioni Napoli;Conoscenza di software CAD e capacità di lavorare in team. Collaborazione a lungo termine. Livello di istruzione richiesto: laurea in ingegneria o architettura.;volontario1@example.com
Editor Video Junior - Inizio immediato!;True;123;34;[];True;Editor Video;IdroPower;08:00-19:19;PROGETTO;5830.09;Headquarters Milano;Stiamo cercando un Editor Video Junior con esperienza nell’utilizzo di software di editing come Premiere e Final Cut per la creazione e montaggio di contenuti visivi.;volontario3@example.com
Escavatorista con patentino - Lavoro ben retribuito;True;124;70;[];True;Escavatorista;TecnoMetal;07:00-18:19;ALTRO;2098.8;Sede Operativa Sud;Patentino per escavatore in corso di validità e capacità di lavorare in sicurezza. Lavoro ben retribuito. Livello di istruzione richiesto: scuola dell’obbligo.;volontario2@example.com
Posatore di cartongesso - Progetto immediato;True;125;64;[];True;Posatore di cartongesso;EcoManutenzioni;09:00-17:19;ALTRO;5739.13;Officina Torino;Esperienza nella posa di cartongesso e rifiniture. Progetto immediato. Livello di istruzione richiesto: scuola dell’obbligo.;volontario1@example.com
Operatore gru su cantiere - Inizio rapido;True;126;75;[];True;Operatore gru;LiftTech;07:00-19:19;COOPERATIVA;4248.03;Hub Tecnologico Genova;Patentino per gru e capacità di lavorare in altezza. Inizio rapido. Livello di istruzione richiesto: scuola dell’obbligo.;volontario3@example.com
Installatore di impianti idrici - Lavoro regolare;True;127;15;[];True;Installatore impianti idrici;EcoManutenzioni;10:00-19:19;PROGETTO;1726.79;Divisione Tecnica Bologna;Esperienza nell’installazione e manutenzione di impianti idrici. Lavoro regolare. Livello di istruzione richiesto: diploma tecnico.;volontario2@example.com
Operaio/a esperto in ristrutturazioni - Stipendio competitivo;True;128;72;[];True;Operaio/a ristrutturazioni;TecnoMetal;10:00-18:19;INTERNSHIP;5699.15;Stabilimento Nord;Esperienza in ristrutturazioni e utilizzo di attrezzature specifiche. Stipendio competitivo. Livello di istruzione richiesto: scuola dell’obbligo.;volontario1@example.com
Addetto/a gestione magazzino - Software dedicato;True;129;51;[];True;Addetto/a gestione magazzino;IdroPower;08:00-19:20;INTERNSHIP;1819.99;Sede Operativa Sud;Competenza nell’uso di software gestionali e organizzazione del magazzino. Precisione e capacità di lavorare in team. Livello di istruzione richiesto: diploma.;volontario3@example.com
Autista consegne food delivery - Flessibilità oraria;True;130;25;[];True;Autista food delivery;LiftTech;07:00-18:20;INTERNSHIP;4376.9;Sede Operativa Sud;Patente B, conoscenza della città e flessibilità oraria. Capacità di gestire consegne in tempi rapidi. Livello di istruzione richiesto: scuola dell’obbligo.;volontario2@example.com
Addetto/a trasporti pesanti - Retribuzione garantita;True;131;57;[];True;Addetto/a trasporti pesanti;TecnoMetal;09:00-17:20;FULL_TIME;2632.86;Stabilimento Nord;Esperienza nella gestione di carichi pesanti e utilizzo di attrezzature specifiche. Livello di istruzione richiesto: scuola dell’obbligo.;volontario1@example.com
Graphic Designer - Creazione Loghi e Brand Identity;True;132;48;[];True;Graphic Designer;LiftTech;07:00-19:20;PROGETTO;2734.62;Laboratorio Firenze;Siamo alla ricerca di un Graphic Designer esperto nella creazione di loghi e nella costruzione di brand identity.;volontario3@example.com
Mulettista per azienda locale - Contratto full time;True;133;17;[];True;Mulettista;TecnoMetal;10:00-19:20;COOPERATIVA;4475.79;Filiale Centro;Patentino per carrelli elevatori e capacità di gestire il carico e scarico merci. Contratto full time. Livello di istruzione richiesto: scuola dell’obbligo.;volontario2@example.com
Saldatore/a esperto/a - Opportunità di crescita professionale!;True;134;20;[];True;Saldatore/a;TecnoMetal;10:00-18:20;APPRENDISTATO;2870.74;Filiale Centro;Cerchiamo un Saldatore/a esperto/a con esperienza nella saldatura per lavori industriali. La posizione offre anche la possibilità di gestire piccoli team in fase di produzione.;volontario1@example.com
Conducente autobus turistico - Percorsi locali;True;135;84;[];True;Conducente autobus turistico;Verniciature Rossi;08:00-19:21;ALTRO;2871.16;Officina Torino;Patente D e CQC valide. Esperienza nella gestione di gruppi e conoscenza di percorsi turistici. Livello di istruzione richiesto: scuola dell’obbligo.;volontario3@example.com
Carrellista per stoccaggio merci - Ambiente dinamico;True;136;26;[];True;Carrellista;ElettroService;07:00-18:21;PROGETTO;5886.88;Hub Tecnologico Genova;Patentino per carrelli elevatori e capacità di organizzare lo stoccaggio in magazzino. Ambiente dinamico. Livello di istruzione richiesto: scuola dell’obbligo.;volontario2@example.com
Creatore di contenuti multilingue per aziende;True;137;14;[];True;Creatore di contenuti;TecnoMetal;09:00-17:21;FULL_TIME;4196.6;Hub Tecnologico Genova;Stiamo cercando un Creatore di contenuti multilingue con esperienza nella creazione di testi in nigeriano e arabo per supportare le nostre attività aziendali.;volontario1@example.com
Addetto/a al ricevimento merci in magazzino;True;138;41;[];True;Addetto/a ricevimento merci;Carpenteria Italiana;07:00-19:21;COLLABORAZIONE;2528.58;Centro Manutenzioni Napoli;Capacità di controllo qualità e gestione della documentazione. Precisione e affidabilità. Livello di istruzione richiesto: scuola dell’obbligo.;volontario3@example.com
Coltivatore di piante aromatiche - Opportunità sostenibile;True;139;77;[];True;Coltivatore di piante aromatiche;GreenGarden;10:00-19:21;COOPERATIVA;1867.93;UnitÃ  Produttiva Roma;Passione per l'agricoltura sostenibile e conoscenza delle tecniche di coltivazione di piante aromatiche. Livello di istruzione richiesto: scuola dell’obbligo.;volontario2@example.com
Addetto/a raccolta agrumi - Lavoro stagionale con alloggio;True;140;69;[];True;Addetto/a raccolta agrumi;GreenGarden;10:00-18:21;COLLABORAZIONE;5724.4;Headquarters Milano;Resistenza fisica e capacità di lavorare all'aperto. Alloggio fornito per la durata del lavoro stagionale. Livello di istruzione richiesto: scuola dell’obbligo.;volontario1@example.com
Operatore/trice serre idroponiche - Inizio immediato;True;141;76;[];True;Operatore/trice serre idroponiche;IdroPower;08:00-19:22;COLLABORAZIONE;5538.97;Officina Torino;Esperienza preferibile in coltivazioni idroponiche. Capacità di monitorare sistemi automatizzati. Livello di istruzione richiesto: diploma tecnico.;volontario3@example.com
Collaboratore per progetti di agricoltura biologica;True;142;26;[];True;Collaboratore progetti agricoltura biologica;AutoFix;07:00-18:22;INTERNSHIP;2867.62;Stabilimento Nord;Interesse per l'agricoltura biologica, capacità di lavorare in team e conoscenza delle normative di settore. Livello di istruzione richiesto: diploma.;volontario2@example.com
Organizzatore di spazi e Creatore di contenuti - Inizio immediato!;True;143;6;[];True;Organizzatore di spazi e Social Media Manage;IdroPower;09:00-17:22;COLLABORAZIONE;5408.7;Divisione Tecnica Bologna;Siamo alla ricerca di un Organizzatore di spazi e Creatore di contenuti per supportare i nostri progetti di riorganizzazione domestica e gestione dei social media.;volontario1@example.com
Addetto/a a impianti di irrigazione agricola;True;144;86;[];True;Addetto/a impianti di irrigazione;EcoManutenzioni;07:00-19:22;ALTRO;2795.83;UnitÃ  Produttiva Roma;Conoscenza tecnica di sistemi di irrigazione agricola. Capacità di installazione e manutenzione. Livello di istruzione richiesto: diploma tecnico.;volontario3@example.com
Potatore specializzato in alberi da frutto;True;145;70;[];True;Potatore alberi da frutto;IdroPower;10:00-19:22;INTERNSHIP;4243.85;Sede Operativa Sud;Esperienza nella potatura di alberi da frutto e utilizzo di attrezzature specifiche. Livello di istruzione richiesto: scuola dell’obbligo.;volontario2@example.com
Apicoltore junior - Formazione sul campo;True;146;24;[];True;Apicoltore junior;Carpenteria Italiana;10:00-18:22;APPRENDISTATO;5129.36;Filiale Centro;Interesse per l'apicoltura, disponibilità a lavorare in ambienti naturali. Formazione sul campo fornita. Livello di istruzione richiesto: scuola dell’obbligo.;volontario1@example.com
Operaio/a vinicolo in cantina - Vendemmia inclusa;True;147;55;[];True;Operaio/a vinicolo;ElettroService;08:00-19:23;PART_TIME;3279.81;Hub Tecnologico Genova;Esperienza preferibile in cantine vinicole. Partecipazione a vendemmia e lavorazioni in cantina. Livello di istruzione richiesto: scuola dell’obbligo.;volontario3@example.com
Allevatore/trice per piccolo allevamento biologico;True;148;31;[];True;Allevatore/trice biologico;Carpenteria Italiana;07:00-18:23;FULL_TIME;1878.73;Sede Operativa Sud;Esperienza in allevamenti e conoscenza delle tecniche biologiche. Passione per il lavoro con gli animali. Livello di istruzione richiesto: scuola dell’obbligo.;volontario2@example.com
Educatore/trice per minori in comunità;True;149;68;[];True;Educatore/trice per minori;GreenGarden;09:00-17:23;PART_TIME;5791.71;Stabilimento Nord;Esperienza nel lavoro con minori, capacità relazionali e empatia. Preferibile laurea in Scienze dell'Educazione o equivalente.;volontario1@example.com
Addetto/a supporto anziani - Contratto diretto;True;150;92;[];True;Addetto/a supporto anziani;LiftTech;07:00-19:23;ALTRO;5435.98;UnitÃ  Produttiva Roma;Attitudine all'assistenza degli anziani, disponibilità e affidabilità. Contratto diretto. Livello di istruzione richiesto: diploma.;volontario3@example.com
Operatore/trice per servizio trasporto disabili;True;151;87;[];True;Operatore/trice trasporto disabili;Carpenteria Italiana;10:00-19:23;COOPERATIVA;5788.27;Officina Torino;Patente B e capacità di lavorare con persone con disabilità. Esperienza preferibile. Livello di istruzione richiesto: scuola dell’obbligo.;volontario2@example.com
Consulente per inclusione sociale - Progetto locale;True;152;72;[];True;Consulente inclusione sociale;TecnoMetal;10:00-18:23;COOPERATIVA;5184.0;Headquarters Milano;Esperienza in progetti sociali, capacità di coordinamento e conoscenza delle politiche di inclusione. Livello di istruzione richiesto: laurea in scienze sociali.;volontario1@example.com
Baby sitter convivente - Alloggio incluso;True;153;72;[];True;Baby sitter convivente;IdroPower;08:00-19:24;APPRENDISTATO;5881.42;Headquarters Milano;Amore per i bambini, flessibilità e capacità organizzative. Offerto vitto e alloggio. Livello di istruzione richiesto: scuola dell’obbligo.;volontario3@example.com
Infermiere/a per assistenza domiciliare;True;154;64;[];True;Infermiere/a;TecnoMetal;07:00-18:24;FULL_TIME;4924.21;Hub Tecnologico Genova;Laurea in infermieristica e iscrizione all'albo professionale. Esperienza preferibile in assistenza domiciliare.;volontario2@example.com
Assistente scolastico per alunni con bisogni speciali;True;155;69;[];True;Assistente scolastico;ElettroService;09:00-17:24;COLLABORAZIONE;5378.74;Hub Tecnologico Genova;Esperienza nel supporto educativo e conoscenza delle esigenze di alunni con bisogni speciali. Livello di istruzione richiesto: diploma.;volontario1@example.com
Mediatore linguistico e culturale - Lavoro dinamico;True;156;22;[];True;Mediatore linguistico;ArredoMobili;07:00-19:24;APPRENDISTATO;5381.34;Laboratorio Firenze;Fluente in almeno due lingue straniere, capacità di mediazione e sensibilità culturale. Livello di istruzione richiesto: laurea in lingue o equivalente.;volontario3@example.com
Addetto/a supporto giovani migranti - Contratto flessibile;True;157;49;[];True;Addetto/a supporto migranti;IdroPower;10:00-19:24;ALTRO;3462.92;Sede Operativa Sud;Empatia, conoscenza delle normative per l'inclusione e capacità relazionali. Contratto flessibile. Livello di istruzione richiesto: diploma.;volontario2@example.com
Personal Trainer - Inizio Immediato!;True;158;5;[];True;Personal Trainer;Verniciature Rossi;10:00-18:24;COOPERATIVA;3638.83;Hub Tecnologico Genova;Stiamo cercando un Personal Trainer dinamico e motivato per offrire lezioni di sport personalizzate e programmi di allenamento su misura.;volontario1@example.com
Addetto/a alla vendita di prodotti sostenibili;True;159;55;[];True;Addetto/a vendite prodotti sostenibili;Verniciature Rossi;08:00-19:25;PART_TIME;5535.19;Sede Operativa Sud;Passione per la sostenibilità, ottime capacità relazionali e conoscenza dei prodotti eco-friendly. Livello di istruzione richiesto: diploma.;volontario3@example.com
Venditore ambulante - Progetto individuale;True;160;48;[];True;Venditore ambulante;IdroPower;07:00-18:25;INTERNSHIP;2698.22;UnitÃ  Produttiva Roma;Capacità di lavorare in autonomia e di relazionarsi con i clienti. Progetto individuale per attività itinerante. Livello di istruzione richiesto: scuola dell’obbligo.;volontario2@example.com
Store manager per catena di negozi locali;True;161;50;[];True;Store manager;ElettroService;09:00-17:25;INTERNSHIP;2948.77;Headquarters Milano;Esperienza nella gestione di punti vendita, leadership e capacità organizzative. Opportunità di crescita. Livello di istruzione richiesto: diploma o laurea.;volontario1@example.com
Consulente alle vendite per negozio tecnologico;True;162;16;[];True;Consulente vendite negozio tecnologico;IdroPower;07:00-19:25;ALTRO;3447.79;UnitÃ  Produttiva Roma;Conoscenza del settore tecnologico e orientamento al cliente. Livello di istruzione richiesto: diploma.;volontario3@example.com
Addetto/a al banco alimentare - Full time;True;163;2;[];True;Addetto/a banco alimentare;LiftTech;10:00-19:25;ALTRO;2020.43;Stabilimento Nord;Esperienza nella gestione del banco alimentare e conoscenza dei prodotti. Contratto full time. Livello di istruzione richiesto: scuola dell’obbligo.;volontario2@example.com
Promoter in centro commerciale - Lavoro flessibile;True;164;50;[];True;Promoter;TecnoMetal;10:00-18:25;PART_TIME;4714.04;Centro Manutenzioni Napoli;Capacità di comunicazione e promozione. Lavoro flessibile con obiettivi mensili. Livello di istruzione richiesto: scuola dell’obbligo.;volontario1@example.com
Gestore di negozio second-hand - Opportunità sociale;True;165;83;[];True;Gestore negozio second-hand;IdroPower;08:00-19:26;PROGETTO;2183.07;Sede Operativa Sud;Gestione di negozio e organizzazione delle vendite di articoli usati. Livello di istruzione richiesto: diploma.;volontario3@example.com
Addetto/a inventario per supermercati;True;166;96;[];True;Addetto/a inventario;Verniciature Rossi;07:00-18:26;INTERNSHIP;5161.42;Hub Tecnologico Genova;Precisione e capacità di organizzare l'inventario di grandi volumi di merci. Livello di istruzione richiesto: scuola dell’obbligo.;volontario2@example.com
Addetto/a reparto ortofrutta - Contratto immediato;True;167;59;[];True;Addetto/a reparto ortofrutta;TecnoMetal;09:00-17:26;ALTRO;5454.19;Headquarters Milano;Conoscenza dei prodotti freschi e capacità di gestire la sistemazione del reparto. Contratto immediato. Livello di istruzione richiesto: scuola dell’obbligo.;volontario1@example.com
Venditore per articoli artigianali locali;True;168;53;[];True;Venditore articoli artigianali;GreenGarden;07:00-19:26;PROGETTO;1815.31;Filiale Centro;Passione per l'artigianato locale, ottime capacità relazionali e di vendita. Livello di istruzione richiesto: diploma.;volontario3@example.com
Addetto/a booking per agenzia viaggi;True;169;41;[];True;Addetto/a booking;Verniciature Rossi;10:00-19:26;PROGETTO;2636.45;Hub Tecnologico Genova;Esperienza nella gestione di prenotazioni e utilizzo di software specifici. Ottime capacità relazionali. Livello di istruzione richiesto: diploma.;volontario2@example.com
Concierge per boutique hotel - Turni flessibili;True;170;6;[];True;Concierge;ElettroService;10:00-18:26;FULL_TIME;4788.51;Officina Torino;Conoscenza del territorio e capacità di relazionarsi con ospiti di alto livello. Disponibilità a turni flessibili. Livello di istruzione richiesto: diploma.;volontario1@example.com
Aiuto chef per resort stagionale;True;171;42;[];True;Aiuto chef;IdroPower;08:00-19:27;APPRENDISTATO;5670.03;Sede Operativa Sud;Esperienza nella cucina di grandi volumi, precisione e velocità. Contratto stagionale. Livello di istruzione richiesto: diploma alberghiero o equivalente.;volontario3@example.com
Sarta/o per riparazioni e cucito ;True;172;26;[];True;Sarta/o;EcoManutenzioni;07:00-18:27;PART_TIME;3388.17;Divisione Tecnica Bologna;Stiamo cercando una persona con esperienza nel cucito e riparazione di abiti per lavorare in un ambiente dinamico.;volontario2@example.com
Addetto/a gestione bagagli in hotel;True;173;39;[];True;Addetto/a gestione bagagli;Verniciature Rossi;09:00-17:27;COLLABORAZIONE;2267.92;Laboratorio Firenze;Resistenza fisica e capacità organizzative per la gestione dei bagagli degli ospiti. Livello di istruzione richiesto: scuola dell’obbligo.;volontario1@example.com
Responsabile animazione in villaggio turistico;True;174;90;[];True;Responsabile animazione;AutoFix;07:00-19:27;APPRENDISTATO;5283.22;UnitÃ  Produttiva Roma;Leadership, creatività e capacità di gestire un team di animatori. Livello di istruzione richiesto: diploma.;volontario3@example.com
Cameriere/a per crociere - Viaggi inclusi;True;175;55;[];True;Cameriere/a;TecnoMetal;10:00-19:27;COLLABORAZIONE;5621.35;Centro Manutenzioni Napoli;Esperienza nel servizio in sala e predisposizione al lavoro in team. Viaggi inclusi. Livello di istruzione richiesto: scuola dell’obbligo.;volontario2@example.com
Addetto/a al customer care per tour operator;True;176;55;[];True;Addetto/a customer care;GreenGarden;10:00-18:27;APPRENDISTATO;5246.82;Hub Tecnologico Genova;Ottime doti comunicative e conoscenza delle lingue straniere. Esperienza nel settore turistico preferibile. Livello di istruzione richiesto: diploma.;volontario1@example.com
Web Developer e Creatore di Contenuti - Inizio immediato!;True;177;35;[];True;Web Developer / Creatore di contenuti;EcoManutenzioni;08:00-19:28;PROGETTO;2891.99;Sede Operativa Sud;Siamo alla ricerca di un Web Developer con competenze nella creazione di siti web (HTML/CSS) e nella creazione di contenuti multilingue per aziende.;volontario3@example.com
Addetto/a manutenzione strutture ricettive;True;178;15;[];True;Addetto/a manutenzione;LiftTech;07:00-18:28;COOPERATIVA;5044.78;Hub Tecnologico Genova;Conoscenza tecnica per la manutenzione di strutture e impianti. Livello di istruzione richiesto: diploma tecnico.;volontario2@example.com
Addetto/a help desk IT - Formazione continua;True;179;94;[];True;Addetto/a help desk IT;ElettroService;09:00-17:28;APPRENDISTATO;4289.49;Officina Torino;Supporto tecnico agli utenti, conoscenza base di sistemi operativi e hardware. Formazione continua inclusa. Livello di istruzione richiesto: diploma tecnico.;volontario1@example.com
Sistemista junior - Contratto stabile;True;180;5;[];True;Sistemista junior;Carpenteria Italiana;07:00-19:28;INTERNSHIP;5106.3;Laboratorio Firenze;Esperienza nella gestione di reti e server. Capacità di troubleshooting. Contratto stabile. Livello di istruzione richiesto: diploma o laurea in informatica.;volontario3@example.com
Progettista CAD per aziende industriali;True;181;20;[];True;Progettista CAD;Verniciature Rossi;10:00-19:28;COLLABORAZIONE;5328.4;Divisione Tecnica Bologna;Conoscenza avanzata di software CAD e esperienza in progettazione industriale. Livello di istruzione richiesto: diploma tecnico o laurea.;volontario2@example.com
Sviluppatore app mobile - Progetti innovativi;True;182;83;[];True;Sviluppatore app mobile;AutoFix;10:00-18:28;ALTRO;3909.39;Officina Torino;Esperienza nello sviluppo di app per Android/iOS. Conoscenza di linguaggi di programmazione come Kotlin o Swift. Livello di istruzione richiesto: laurea in informatica.;volontario1@example.com
Addetto/a sicurezza informatica - Inizio rapido;True;183;78;[];True;Addetto/a sicurezza informatica;AutoFix;08:00-19:29;INTERNSHIP;1860.6;Divisione Tecnica Bologna;Conoscenza di firewall, sistemi di protezione dati e normative GDPR. Inizio rapido. Livello di istruzione richiesto: diploma tecnico o laurea.;volontario3@example.com
Specialista SEO e digital marketing;True;184;36;[];True;Specialista SEO e digital marketing;EcoManutenzioni;07:00-18:29;APPRENDISTATO;5477.79;Filiale Centro;Esperienza nell'ottimizzazione SEO, campagne di marketing digitale e strumenti analitici. Livello di istruzione richiesto: diploma o laurea.;volontario2@example.com
Assistente tecnico per installazione software;True;185;6;[];True;Assistente tecnico software;LiftTech;09:00-17:29;COLLABORAZIONE;4958.75;Hub Tecnologico Genova;Supporto nell'installazione e configurazione di software aziendali. Livello di istruzione richiesto: diploma tecnico.;volontario1@example.com
Graphic Designer Junior - Inizio immediato!;True;186;32;[];True;Graphic Designer;Carpenteria Italiana;07:00-19:29;PROGETTO;4831.36;Laboratorio Firenze;Siamo alla ricerca di un Graphic Designer Junior con esperienza in Photoshop e Illustrator. La figura ideale avrà anche un buon background nella gestione di relazioni con i clienti attraverso CRM.;volontario3@example.com
Junior data analyst - Opportunità in smart working;True;187;96;[];True;Junior data analyst;Verniciature Rossi;10:00-19:29;COLLABORAZIONE;2586.85;Stabilimento Nord;Capacità di analisi dati, conoscenza di strumenti come Excel, SQL e Power BI. Opportunità in smart working. Livello di istruzione richiesto: laurea.;volontario2@example.com
Progettista elettronico per settore automotive;True;188;14;[];True;Progettista elettronico automotive;EcoManutenzioni;10:00-18:29;PART_TIME;5406.84;Filiale Centro;Esperienza nella progettazione elettronica per veicoli e conoscenza di software CAD elettronici. Livello di istruzione richiesto: laurea in ingegneria elettronica.;volontario1@example.com
Operaio/a lavorazione ceramica - Full time;True;189;40;[];True;Operaio/a lavorazione ceramica;Verniciature Rossi;08:00-19:30;COOPERATIVA;5180.01;Stabilimento Nord;Esperienza nella lavorazione della ceramica preferibile. Precisione e manualità. Contratto full time. Livello di istruzione richiesto: scuola dell’obbligo.;volontario3@example.com
Addetto/a cucitura abiti sartoriali;True;190;40;[];True;Addetto/a cucitura;EcoManutenzioni;07:00-18:30;APPRENDISTATO;2570.18;Divisione Tecnica Bologna;Esperienza nella cucitura di abiti sartoriali. Precisione e attenzione ai dettagli richieste. Livello di istruzione richiesto: diploma.;volontario2@example.com
Tecnico manutenzione macchinari industriali;True;191;92;[];True;Tecnico manutenzione;TecnoMetal;09:00-17:30;COLLABORAZIONE;5058.86;Sede Operativa Sud;Conoscenza di macchinari industriali e capacità di risoluzione problemi tecnici. Livello di istruzione richiesto: diploma tecnico.;volontario1@example.com
Addetto/a lavorazione legno - Formazione inclusa;True;192;18;[];True;Addetto/a lavorazione legno;EcoManutenzioni;07:00-19:30;COOPERATIVA;2519.4;Hub Tecnologico Genova;Interesse per la lavorazione del legno, utilizzo di strumenti artigianali. Formazione inclusa. Livello di istruzione richiesto: scuola dell’obbligo.;volontario3@example.com
Verniciatore industriale - Contratto immediato;True;193;16;[];True;Verniciatore industriale;Carpenteria Italiana;10:00-19:30;FULL_TIME;4429.42;Centro Manutenzioni Napoli;Esperienza nell’utilizzo di vernici industriali e tecniche di applicazione. Contratto immediato. Livello di istruzione richiesto: diploma tecnico.;volontario2@example.com
Personal Trainer e Istruttore Sportivo - Inizio immediato!;True;194;41;[];True;Personal Trainer / Istruttore Sportivo;IdroPower;10:00-18:30;PROGETTO;3343.81;Centro Manutenzioni Napoli;Siamo alla ricerca di un Personal Trainer motivato per fornire lezioni individuali e di gruppo.;volontario1@example.com
Operatore presso laboratorio artigianale di pelle;True;195;44;[];True;Operatore laboratorio pelle;Verniciature Rossi;08:00-19:31;PROGETTO;4423.31;Centro Manutenzioni Napoli;Esperienza nella lavorazione della pelle e utilizzo di macchinari specifici. Livello di istruzione richiesto: diploma.;volontario3@example.com
Addetto/a a stampaggio metalli - Contratto garantito;True;196;23;[];True;Addetto/a stampaggio metalli;ArredoMobili;07:00-18:31;ALTRO;1873.5;Hub Tecnologico Genova;Esperienza nello stampaggio di metalli e conoscenza di processi industriali. Contratto garantito. Livello di istruzione richiesto: scuola dell’obbligo.;volontario2@example.com
Restauratore di ceramiche antiche;True;197;61;[];True;Restauratore ceramiche;LiftTech;09:00-17:31;APPRENDISTATO;4258.79;Laboratorio Firenze;Esperienza nel restauro di ceramiche antiche, manualità e precisione. Livello di istruzione richiesto: diploma o laurea in ambito artistico.;volontario1@example.com
Operaio/a produzione alimentare - Turni mattutini;True;198;66;[];True;Operaio/a produzione alimentare;AutoFix;07:00-19:31;PART_TIME;5566.54;Sede Operativa Sud;Capacità di lavorare su turni e attenzione alla qualità della produzione. Livello di istruzione richiesto: scuola dell’obbligo.;volontario3@example.com
Addetto/a back office - Contratto flessibile;True;199;86;[];True;Addetto/a back office;LiftTech;10:00-19:31;PROGETTO;2440.6;Sede Operativa Sud;Capacità organizzative e competenze base informatiche. Contratto flessibile. Livello di istruzione richiesto: diploma.;volontario2@example.com
Assistente amministrativo per ONG locale;True;200;78;[];True;Assistente amministrativo;ArredoMobili;10:00-18:31;APPRENDISTATO;5849.91;Sede Operativa Sud;Esperienza amministrativa, interesse per il settore no-profit. Livello di istruzione richiesto: diploma o laurea.;volontario1@example.com
Impiegato/a gestione risorse umane junior;True;201;15;[];True;Impiegato/a gestione HR;Carpenteria Italiana;08:00-19:32;ALTRO;4775.1;Divisione Tecnica Bologna;Conoscenza base di gestione del personale e ottime capacità relazionali. Livello di istruzione richiesto: laurea in ambito umanistico o economico.;volontario3@example.com
Responsabile amministrazione in azienda familiare;True;202;7;[];True;Responsabile amministrazione;IdroPower;07:00-18:32;APPRENDISTATO;3390.97;Stabilimento Nord;Esperienza in amministrazione aziendale, conoscenza di strumenti contabili e gestionali. Livello di istruzione richiesto: laurea.;volontario2@example.com
Consulente Nutrizionale e Specialista in Diete - Contratto immediato!;True;203;76;[];True;Consulente Nutrizionale;AutoFix;09:00-17:32;PART_TIME;5039.04;Stabilimento Nord;Stiamo cercando un/a Consulente Nutrizionale con esperienza nelle diete speciali (vegana, senza glutine) per assistere i nostri clienti nella scelta di regimi alimentari personalizzati.;volontario1@example.com
Addetto/a contabilità base - Opportunità formativa;True;204;77;[];True;Addetto/a contabilitï¿½ base;ArredoMobili;07:00-19:32;INTERNSHIP;2872.13;Filiale Centro;Conoscenza base di contabilità e software gestionali. Formazione inclusa. Livello di istruzione richiesto: diploma.;volontario3@example.com
Receptionist per studio legale - Ambiente professionale;True;205;58;[];True;Receptionist studio legale;ElettroService;10:00-19:32;APPRENDISTATO;4577.8;Headquarters Milano;Accoglienza clienti, gestione telefonate e appuntamenti. Ambiente formale e professionale. Livello di istruzione richiesto: diploma.;volontario2@example.com
Archivista per biblioteca locale;True;206;65;[];True;Archivista;ElettroService;10:00-18:32;COLLABORAZIONE;2949.75;Officina Torino;Precisione nella gestione e catalogazione dei documenti. Conoscenza di sistemi di archiviazione. Livello di istruzione richiesto: diploma.;volontario1@example.com
Coordinatore progetti comunitari - Contratto diretto;True;207;44;[];True;Coordinatore progetti;ElettroService;08:00-19:33;PART_TIME;3525.9;Filiale Centro;Capacità di gestione di progetti complessi e conoscenza delle dinamiche comunitarie. Contratto diretto. Livello di istruzione richiesto: laurea.;volontario3@example.com
Supporto amministrativo per startup innovativa;True;208;45;[];True;Supporto amministrativo;ElettroService;07:00-18:33;FULL_TIME;1509.98;Filiale Centro;Conoscenze amministrative e flessibilità nel lavoro in un ambiente dinamico. Livello di istruzione richiesto: diploma o laurea.;volontario2@example.com
Insegnante di supporto per certificazioni linguistiche;True;209;26;[];True;Insegnante di lingue;Carpenteria Italiana;09:00-17:33;PROGETTO;2951.77;Stabilimento Nord;Cerchiamo un/a insegnante di lingue specializzato/a nel supporto per esami di certificazioni linguistiche, preferibilmente con esperienza nel contesto della Scuola Secondaria di Primo Grado.;volontario1@example.com
Creazione di contenuti multilingue per aziende;True;210;43;[];True;Creatore di contenuti multilingue;LiftTech;07:00-19:33;COOPERATIVA;2593.56;Hub Tecnologico Genova;Stiamo cercando un professionista esperto nella creazione di contenuti multilingue per supportare aziende nella comunicazione globale. Il candidato ideale sarà in grado di produrre testi di alta qualità in arabo e italiano, dimostrando una profonda comprensione culturale e linguistica.;volontario3@example.com
Addetto/a alla pulizia e manutenzione tecnica;True;211;26;[];True;Addetto/a alla pulizia e supporto tecnico;LiftTech;10:00-19:33;INTERNSHIP;3942.68;Stabilimento Nord;Cerchiamo una persona affidabile e precisa per pulizie domestiche e piccoli supporti tecnici. Richiesta conoscenza base di disegno tecnico e capacità organizzativa. Preferibile conoscenza del polacco e uzbeco.;volontario2@example.com
Animatore/trice per eventi per bambini;True;212;93;[];True;Animatore/trice per bambini e revisore testi;AutoFix;10:00-18:33;APPRENDISTATO;4535.59;Officina Torino;Stiamo cercando una figura dinamica e creativa per il ruolo di Animatore/trice per eventi per bambini, con possibilità di collaborare anche alla revisione e correzione di materiali scritti.;volontario1@example.com
Tecnico Informatico Junior;True;213;45;[];True;Tecnico Informatico;ArredoMobili;08:00-19:34;APPRENDISTATO;2704.2;Laboratorio Firenze;Siamo alla ricerca di un Tecnico Informatico Junior per configurazione reti e supporto tecnico in programmazione Python.;volontario3@example.com
Esperto/a di automazione e organizzazione eventi - Contratto immediato!;True;214;92;[];True;Specialista in automazione e organizzazione;LiftTech;07:00-18:34;PART_TIME;3607.13;Filiale Centro;Cerchiamo un/a professionista esperto/a per automatizzare processi con script e coordinare eventi e matrimoni.;volontario2@example.com
Assistente domestico e per disabilità - Turni flessibili!;True;215;63;[];True;Assistente domiciliare;TecnoMetal;09:00-17:34;PROGETTO;3141.34;Officina Torino;Cerchiamo un/a assistente per organizzazione degli spazi domestici e supporto a persone con disabilità.;volontario1@example.com
Gestore/a Relazioni con i Clienti - Inizio Immediato!;True;216;78;[];True;Gestore/a Relazioni con i Clienti (CRM);GreenGarden;07:00-19:34;COOPERATIVA;2746.41;Sede Operativa Sud;Siamo alla ricerca di un Gestore/a Relazioni con i Clienti per gestire e migliorare le interazioni con i clienti, utilizzando CRM per ottimizzare l’esperienza utente.;volontario3@example.com
Designer 3D e Tutoraggio Universitario - Opportunità di crescita!;True;217;20;[];True;Designer 3D e Tutor Universitario;AutoFix;10:00-19:34;PART_TIME;2555.07;Filiale Centro;Cerchiamo un Designer 3D esperto in Blender e AutoCAD, con una passione per il tutoraggio universitario. Se sei motivato a condividere la tua esperienza e competenze nel design e nell’insegnamento, questa è l'opportunità giusta per te!;volontario2@example.com
Grafico/a Designer - Inizio immediato!;True;218;38;[];True;Grafico/a Designer;LiftTech;10:00-18:34;INTERNSHIP;3195.28;Divisione Tecnica Bologna;Cerchiamo un Grafico/a Designer con esperienza in Photoshop e Illustrator per lavorare su progetti creativi innovativi.;volontario1@example.com
Social Media Manager - Lavoro da remoto;True;219;88;[];True;Social Media Manager;Carpenteria Italiana;08:00-19:35;FULL_TIME;2585.32;Centro Manutenzioni Napoli;Cerchiamo un Social Media Manager esperto per gestire e sviluppare strategie social su diverse piattaforme.;volontario3@example.com
Addetto/a alle pulizie industriali - Inizio immediato!;True;220;42;[];True;Addetto/a alle pulizie industriali;ArredoMobili;07:00-18:35;APPRENDISTATO;3163.41;Officina Torino;Stiamo cercando un/a Addetto/a alle pulizie industriali con esperienza nella pulizia di grandi superfici come magazzini e competenze nella creazione di loghi e brand identity.;volontario2@example.com
Designer 3D e Specialista SEO - Inizio immediato!;True;221;83;[];True;Designer 3D e SEO Specialist;AutoFix;09:00-17:35;COLLABORAZIONE;5236.49;UnitÃ  Produttiva Roma;Cerchiamo un Designer 3D con esperienza in Blender e AutoCAD, e un forte interesse per la scrittura SEO.;volontario1@example.com
Meccanico/a per riparazioni veicoli - Inizio immediato!;True;222;73;[];True;Meccanico/a;ElettroService;07:00-19:35;APPRENDISTATO;2284.94;Headquarters Milano;Stiamo cercando un Meccanico/a con esperienza nella riparazione di veicoli e conoscenza della programmazione in JavaScript per lavori di diagnostica avanzata.;volontario3@example.com
Animatore/Animatrice per eventi e supporto educativo - Contratto immediato!;True;223;92;[];True;Animatore/Animatrice e Educatore/educatrice;TecnoMetal;10:00-19:35;APPRENDISTATO;5432.26;Centro Manutenzioni Napoli;Cerchiamo un/una Animatore/Animatrice per eventi e supporto educativo per lavorare con bambini in contesti ludici e educativi.;volontario2@example.com
Assistente Scolastico e Cuoco/a per famiglia - Inizio immediato!;True;224;73;[];True;Assistente Scolastico e Cuoco/a;Carpenteria Italiana;10:00-18:35;INTERNSHIP;3194.74;Stabilimento Nord;Stiamo cercando una persona per assistenza ai compiti per bambini e preparazione di pasti casalinghi.;volontario1@example.com
Artista Scultore/a - Opportunità creativa immediata!;True;225;48;[];True;Artista Scultore/a;ElettroService;08:00-19:36;ALTRO;3895.35;UnitÃ  Produttiva Roma;Stiamo cercando un/a Artista Scultore/a per creare opere d'arte uniche e innovative.;volontario3@example.com
Specialista nella Creazione di Corsi Online - Inizio Immediato!;True;226;93;[];True;Specialista nella Creazione di Corsi Online;ElettroService;07:00-18:36;PART_TIME;1702.87;Officina Torino;Cerchiamo un Specialista nella Creazione di Corsi Online per sviluppare contenuti didattici digitali di alta qualità.;volontario2@example.com
Addetto/a al lavaggio e trattamenti benessere - Contratto immediato!;True;227;44;[];True;Addetto/a al lavaggio e benessere;GreenGarden;09:00-17:36;FULL_TIME;1621.16;UnitÃ  Produttiva Roma;Siamo alla ricerca di un Addetto/a al lavaggio e trattamenti benessere per un'importante attività di cura e manutenzione di indumenti e trattamenti benessere.;volontario1@example.com
Traduttore/traduttrice esperto/a - Inizio immediato!;True;228;77;[];True;Traduttore/traduttrice;LiftTech;07:00-19:36;INTERNSHIP;4779.59;Stabilimento Nord;Cerchiamo un/a Traduttore/traduttrice con esperienza nella traduzione di documenti in lingue straniere, con particolare focus su portoghese, tamil e armeno;volontario3@example.com
Magazziniere con esperienza - Turni flessibili;True;229;28;[];True;Magazziniere;IdroPower;10:00-19:36;COOPERATIVA;2645.51;Sede Operativa Sud;Richiesta esperienza nella gestione del magazzino, uso del muletto e capacità di lavorare in team. Disponibilità a turni flessibili.;volontario2@example.com
Addetto/a alle pulizie - Orari mattutini;True;230;9;[];True;Addetto alle pulizie;IdroPower;10:00-18:36;PROGETTO;2404.83;Headquarters Milano;Precisione, affidabilità e capacità di lavorare in autonomia. Preferibile esperienza nel settore delle pulizie industriali o civili.;volontario1@example.com
Cameriere/a per ristorante tipico - Lavoro stabile;True;231;54;[];True;Cameriere/a;ArredoMobili;08:00-19:37;APPRENDISTATO;2023.9;UnitÃ  Produttiva Roma;Richiesta esperienza pregressa, ottime doti relazionali e capacità di lavorare sotto pressione. Conoscenza base dei vini gradita.;volontario3@example.com
Cassiere/a per supermercato - Part-time disponibile;True;232;73;[];True;Cassiere/a;AutoFix;07:00-18:37;PROGETTO;2225.79;Officina Torino;Richiesta esperienza alla cassa, velocità e precisione nei pagamenti. Capacità di gestire file e interagire con i clienti.;volontario2@example.com
Operatore/trice call center - Anche senza esperienza;True;233;93;[];True;Operatore call center;ElettroService;09:00-17:37;COOPERATIVA;3147.6;Sede Operativa Sud;Ottime doti comunicative e capacità di problem solving. Non è richiesta esperienza pregressa, formazione interna inclusa.;volontario1@example.com
Fattorino per consegne rapide - Moto aziendale;True;234;3;[];True;Fattorino;GreenGarden;07:00-19:37;APPRENDISTATO;3797.23;UnitÃ  Produttiva Roma;Patente A o B richiesta, capacità di lavorare in autonomia e orientamento al cliente. Moto aziendale fornita per le consegne.;volontario3@example.com
Commesso/a per negozio di abbigliamento - Tempo pieno;True;235;3;[];True;Commesso/a;Verniciature Rossi;10:00-19:37;APPRENDISTATO;3178.89;Headquarters Milano;Esperienza nel settore retail preferibile, ottime capacità di vendita e predisposizione al contatto con il pubblico.;volontario2@example.com
Giardiniere con esperienza - Contratto a tempo indeterminato;True;236;28;[];True;Giardiniere;ArredoMobili;10:00-18:37;ALTRO;2688.57;Hub Tecnologico Genova;Esperienza nella manutenzione del verde, uso di attrezzature specifiche e capacità di lavorare all’aperto in diverse condizioni climatiche.;volontario1@example.com
Autista NCC - Disponibilità immediata;True;237;72;[];True;Autista NCC;EcoManutenzioni;08:00-19:38;APPRENDISTATO;5670.64;Hub Tecnologico Genova;Patente B, esperienza nel settore e conoscenza delle norme di sicurezza stradale. Disponibilità a trasferte e turni notturni.;volontario3@example.com
Operatore ecologico - Lavoro sicuro e stabile;True;238;85;[];True;Operatore ecologico;GreenGarden;07:00-18:38;ALTRO;2604.51;UnitÃ  Produttiva Roma;Affidabilità, resistenza fisica e disponibilità a lavorare all’aperto in qualsiasi condizione atmosferica. Patente C gradita.;volontario2@example.com
Manovale edile - Opportunità di crescita;True;239;70;[];True;Manovale edile;EcoManutenzioni;09:00-17:38;INTERNSHIP;1616.44;Sede Operativa Sud;Richiesta manualità, resistenza fisica e capacità di lavorare in squadra. Formazione interna disponibile.;volontario1@example.com
Muratore con esperienza - Contratto full-time;True;240;66;[];True;Muratore;ElettroService;07:00-19:38;PART_TIME;5854.38;UnitÃ  Produttiva Roma;Esperienza nel settore edile, conoscenza dei materiali da costruzione e capacità di eseguire lavori in muratura con precisione.;volontario3@example.com
Elettricista certificato - Lavoro su cantieri;True;241;23;[];True;Elettricista;LiftTech;10:00-19:38;INTERNSHIP;5904.06;Sede Operativa Sud;Richiesta esperienza nell’impiantistica civile e industriale, lettura schemi elettrici e possesso di certificazioni adeguate.;volontario2@example.com
Idraulico esperto - Assunzione immediata;True;242;20;[];True;Idraulico;ElettroService;10:00-18:38;FULL_TIME;5222.53;UnitÃ  Produttiva Roma;Esperienza pregressa, capacità di installazione e riparazione impianti idraulici. Patente B necessaria.;volontario1@example.com
Estetista qualificata - Contratto a tempo indeterminato;True;243;45;[];True;Estetista;Carpenteria Italiana;08:00-19:39;APPRENDISTATO;4119.41;Divisione Tecnica Bologna;Richiesta qualifica professionale, esperienza in trattamenti estetici e predisposizione al contatto con il pubblico.;volontario3@example.com
Parrucchiere/a - Ambiente giovane e dinamico;True;244;72;[];True;Parrucchiere/a;Verniciature Rossi;07:00-18:39;PART_TIME;5865.71;Headquarters Milano;Esperienza nel taglio e colore, capacità di lavorare in team e aggiornamento sulle ultime tendenze di hairstyling.;volontario2@example.com
Barista per caffetteria storica - Turni flessibili;True;245;95;[];True;Barista;GreenGarden;09:00-17:39;APPRENDISTATO;5959.38;Headquarters Milano;Esperienza nella preparazione di caffè e cocktail base, rapidità e capacità di gestire momenti di affluenza.;volontario1@example.com
Baby-sitter part-time - Preferibile esperienza;True;246;12;[];True;Baby-sitter;EcoManutenzioni;07:00-19:39;FULL_TIME;5211.56;Stabilimento Nord;Affidabilità, dolcezza e predisposizione al contatto con i bambini. Preferibile esperienza pregressa o studi in ambito educativo.;volontario3@example.com
Dog sitter - Amore per gli animali richiesto!;True;247;45;[];True;Dog sitter;Verniciature Rossi;10:00-19:39;ALTRO;2215.47;Officina Torino;Passione per gli animali, responsabilità e disponibilità a passeggiate anche serali. Non è richiesta esperienza pregressa.;volontario2@example.com
Addetto/a alla sicurezza - Lavoro notturno;True;248;32;[];True;Addetto alla sicurezza;ElettroService;10:00-18:39;COLLABORAZIONE;4490.83;Divisione Tecnica Bologna;Serietà, affidabilità e capacità di gestione delle emergenze. Gradito possesso del certificato di addetto alla sicurezza.;volontario1@example.com
Addetto/a al confezionamento - Produzione alimentare;True;249;68;[];True;Addetto al confezionamento;ElettroService;08:00-19:40;COOPERATIVA;3890.66;Officina Torino;Precisione, attenzione ai dettagli e capacità di lavorare in catena di montaggio. Non è richiesta esperienza pregressa.;volontario3@example.com
Facchino per hotel di lusso - Lavoro stabile;True;250;30;[];True;Facchino;LiftTech;07:00-18:40;INTERNSHIP;5232.48;Hub Tecnologico Genova;Buona presenza, discrezione e capacità di trasporto bagagli pesanti. Preferibile esperienza in strutture alberghiere.;volontario2@example.com
Operatore di produzione - Turni su tre fasce;True;251;35;[];True;Operatore di produzione;AutoFix;09:00-17:40;INTERNSHIP;3589.2;Stabilimento Nord;Manualità, precisione e capacità di lavorare su turni. Formazione interna inclusa.;volontario1@example.com
Operatore di lavanderia - Contratto full-time;True;1;14;[];True;Operatore di lavanderia;ElettroService;07:00-19:40;PROGETTO;3852.98;Officina Torino;Capacità di utilizzo di macchine industriali, attenzione ai dettagli e resistenza fisica. Non è richiesta esperienza.;volontario3@example.com
Assistente agli anziani - Empatia e professionalità;True;2;40;[];True;Assistente agli anziani;Old wag;10:00-19:40;PROGETTO;5232.48;Casa di riposo;Esperienza in assistenza domiciliare o strutture sanitarie. Empatia e disponibilità a turni notturni.;volontario2@example.com
